,id,tag
0,74584960,python
1,74584960,graph
2,74584959,java
3,74584959,spring-boot
4,74584959,csv
5,74584959,unit-testing
6,74584959,junit
7,74584954,asp.net
8,74584954,sql-server
9,74584954,apple-m1
10,74584954,parallels
11,74584953,python
12,74584953,python-3.x
13,74584953,pandas
14,74584953,list
15,74584953,pivot-table
16,74584952,r
17,74584952,dataframe
18,74584952,conditional-statements
19,74584952,data-manipulation
20,74584950,r
21,48845989,python
22,48845989,python-2.7
23,48845989,oop
24,74584948,php
25,74584948,mysqli
26,74584946,r
27,74584946,ggplot2
28,74584946,colors
29,74584944,reactjs
30,74584944,typescript
31,74584944,react-hooks
32,74584944,socket.io
33,74584942,android
34,74584942,kotlin
35,74584942,openstreetmap
36,74584942,osmdroid
37,74584940,java
38,74584940,for-loop
39,74584939,postman
40,74584935,java
41,74584935,recursion
42,74584935,tree
43,74584935,binary-tree
44,74584935,binary-search-tree
45,74584931,php
46,74584931,wordpress
47,74584931,woocommerce
48,74584930,c
49,74584930,visual-studio-code
50,74584930,gcc
51,74584928,eclipse
52,74584928,breakpoints
53,74584926,reactjs
54,74584926,filter
55,74584926,checkbox
56,74584924,javascript
57,74584924,reactjs
58,74584924,unit-testing
59,74584924,jestjs
60,74584924,react-testing-library
61,74584923,prometheus
62,74584923,prometheus-alertmanager
63,74584919,flutter
64,74584919,flutter-web
65,74584919,video-processing
66,74584917,reactjs
67,74584914,real-time
68,74584914,subscribe
69,74584914,supabase
70,74584914,unsubscribe
71,74584914,supabase-database
72,74584971,go
73,74584971,aws-cdk
74,74584969,python
75,74584969,arrays
76,74584969,json
77,74584969,loops
78,74584969,for-loop
79,74584967,sql
80,74584967,vba
81,74584967,ms-access
82,74584967,sql-order-by
83,74584965,php
84,74584965,mysql
85,74584965,sql
86,74584960,python
87,74584960,graph
88,74584959,java
89,74584959,spring-boot
90,74584959,csv
91,74584959,unit-testing
92,74584959,junit
93,74584954,asp.net
94,74584954,sql-server
95,74584954,apple-m1
96,74584954,parallels
97,74584953,python
98,74584953,python-3.x
99,74584953,pandas
100,74584953,list
101,74584953,pivot-table
102,74584952,r
103,74584952,dataframe
104,74584952,conditional-statements
105,74584952,data-manipulation
106,74584950,r
107,48845989,python
108,48845989,python-2.7
109,48845989,oop
110,74584948,php
111,74584948,mysqli
112,74584946,r
113,74584946,ggplot2
114,74584946,colors
115,74584944,reactjs
116,74584944,typescript
117,74584944,react-hooks
118,74584944,socket.io
119,74584942,android
120,74584942,kotlin
121,74584942,openstreetmap
122,74584942,osmdroid
123,74584940,java
124,74584940,for-loop
125,74584939,postman
126,74584935,java
127,74584935,recursion
128,74584935,tree
129,74584935,binary-tree
130,74584935,binary-search-tree
131,74584931,php
132,74584931,wordpress
133,74584931,woocommerce
134,74584930,c
135,74584930,visual-studio-code
136,74584930,gcc
137,74584928,eclipse
138,74584928,breakpoints
139,74584926,reactjs
140,74584926,filter
141,74584926,checkbox
142,74584924,javascript
143,74584924,reactjs
144,74584924,unit-testing
145,74584924,jestjs
146,74584924,react-testing-library
147,74584924,javascript
148,74584924,reactjs
149,74584924,unit-testing
150,74584924,jestjs
151,74584924,react-testing-library
152,74584923,prometheus
153,74584923,prometheus-alertmanager
154,74584919,flutter
155,74584919,flutter-web
156,74584919,video-processing
157,74584917,reactjs
158,74584914,real-time
159,74584914,subscribe
160,74584914,supabase
161,74584914,unsubscribe
162,74584914,supabase-database
163,74584902,selenium
164,74584902,robotframework
165,74584902,robot
166,74584896,webpack
167,74584896,vite
168,74584896,web-worker
169,74584895,azure
170,74584895,azure-rbac
171,74584892,javascript
172,74584891,javascript
173,74584891,google-chrome
174,74584891,debugging
175,74584889,python-polars
176,74584886,python
177,74584886,numpy
178,74584886,vectorization
179,74584884,python
180,74584884,pandas
181,74584884,regression
182,74584878,javascript
183,74584878,react-native
184,74584877,laravel
185,74584876,r
186,74584876,duplicates
187,74584876,equality
188,74584872,exception
189,74584872,visual-studio-2022
190,74584872,event-viewer
191,74584871,google-sheets
192,74584871,google-sheets-api
193,74584862,plotly-dash
194,74584862,conditional-formatting
195,47457105,java
196,47457105,eclipse
197,47457105,selenium
198,47457105,firefox
199,47457105,java-8
200,74584860,r
201,74584860,r-markdown
202,74584860,quarto
203,74584859,swift
204,74584859,string
205,74584859,foundation
206,74584858,prisma
207,74584857,mongodb
208,74584857,mongoose
209,74584857,save
210,74584857,http-post
211,74584856,visual-studio-code
212,74584856,ocaml
213,74584855,python
214,74584855,numpy
215,74584854,c#
216,74584854,.net
217,74584854,asp.net-core
218,74584854,blazor
